,id,firstName,lastName,billingId,product,price,birth,dummyCol
0,1,Luis,Alvarez$$%!,123.0,Cake,10.0,1980/07/07,never
1,2,AndrÃ©,AmpÃ¨re,423.0,piza,8.0,1950/07/08,gonna
2,3,NiELS,BÃ¶hr//((%%,551.0,pizza,8.0,1990/07/09,give
3,4,PAUL,dirac$,521.0,pizza,8.0,1954/07/10,you
4,5,Albert,Einstein,634.0,pizza,8.0,1990/07/11,up
5,6,Galileo,             GALiLEI,672.0,arepa,5.0,1930/08/12,never
6,7,CaRL,Ga%%%uss,323.0,taco,3.0,1970/07/13,gonna
7,8,David,H$$$ilbert,624.0,taaaccoo,3.0,1950/07/14,let
8,9,Johannes,KEPLER,735.0,taco,3.0,1920/04/22,you
9,10,JaMES,M$$ax%%well,875.0,taco,3.0,1923/03/12,down
10,11,Isaac,Newton,992.0,pasta,9.0,1999/02/15,never 
11,12,Emmy%%,NÃ¶ether$,234.0,pasta,9.0,1993/12/08,gonna
12,13,,,,,,,
